Ligne,Traduction,Espaces placés au début,Révision 2022 (pour référence)
15,,2,
111,“Il fallait que ça tombe aujourd'hui......”,,“こんな日にかぎって……”
173,"Il ressemblait plus à un camarade sur qui on pouvait compter qu'à un véritable enseignant, mais malheureusement pour lui, elle ne l'aimait pas énormément.",2,
284,"Mais cela dit, même si maintenant, le pays avait mis en place des voies de communication et de circulation comme les autoroutes ou la <Japan Railways|Chemin de fer National du Japon>, il était également vrai qu'on ne pouvait nier l'existence de ces villages de montagne.",2,
336,,2,
574,"Pourtant,",2,
575,"Sōjūrō s'inclina d'un air désolé, mû par un changement d'attitude inattendu.",,どんな心境の変化か、草十郎は申し訳なさそうに目を伏せていた。
593,"「Et donc, c'est quoi que tu as de prévu exactement ?」",,「それで。いったい、何の用なの」
597,"『...... Je croyais m'être faite à son comportement extravagant, mais il me prend encore parfois au dépourvu......』",,『……馴れ始めたつもりだったけど、コイツのこういったテンポには失神しそうになるわ……』
954,,0,
1044,「......,,「……
1045,"Aujourd'hui, quand je suis rentrée, j'ai vu quelque chose d'étrange, et je pensais en parler à quelqu'un, mais......」",,今日、帰ってくる時おかしな物を見て、誰かに話そうと思っていたんだけど……」
1084,"J'aurais dû me demander pourquoi tu es rentrée à cinq heures passées, alors que tu n'es dans aucun club et qu'il ne te faut que vingt minutes en bus et à pied pour aller à l'école.」",2,帰宅部、学校までバス・徒歩込みで片道二十分のあんたが、なんで五時以降に帰ってくんのか考えるべきだったわ！」
1359,,1,
1416,,0,
1504,"Broken down, broken down...",,"Broken down,broken down."
1513,,1,
1541,"Broken down, broken down...",,"Broken down,broken down."
1636,"『La prochaine fois, pour sûr, on se montrera utiles ! Même si l'échec est notre apanage depuis la naissance !』",,『次、次はお役に立ちますきっと！　生まれてこの方、失敗続きのボクらだけど！』
1667,"「Eh bien... Si le ramassage des ordures ménagères ne rapporte pas d'argent tôt ou tard, l'activité ne sera pas rentable, pas vrai ? Ça veut dire que l'État va bientôt arrêter de s'en occuper gratuitement.」",,「そうだなあ。粗大ゴミ回収は、金でも貰わねえとワリ合わなくなるんじゃねえか？　国が無料で回収するのはそろそろおしまいってトコ」
1669,"Donc quelqu'un “directement prêt à l'emploi” comme moi finira bien par être à la mode un jour, non ? Comme les appareils jetables qui se vendent dans les supérettes et qui sont super populaires. Vous verrez, lorsque la mode sera enfin en phase avec ma manière de consommer...」",0,
1689,「Pourquoi il ne se passe jamais rien d'intéressant ? Quelqu'un ne pourrait pas dessiner un cercle de culture quelque part sur le campus ?」,,「面白いコトねぇなあ。誰か、校庭にミステリーサークルとか作ってくんねぇかなあ」
1697,,2,
1714,"Si vous le soupçonnez de travailler dans des lieux non recommandés par l'école, alors commencez par modifier le règlement qui stipule qu'un élève ne peut avoir qu'un seul emploi.」",,指定外のアルバイトを疑うのなら、まず“働き先は一生徒につき一件だけ”という規則を改めてください」
2071,,2,
2072,,2,
2176,"Hier, j'ai reçu plein de restes du magasin. Des rouleaux de printemps ! Quand mon père a vu ça, il m'a cassé les oreilles à me dire qu'il ne fallait pas gâcher ce qu'on nous donne. Résultat, je n'ai que ça à manger.」",,オレさあ、昨日店の残り物もらいすぎたんだよ。春巻だよ春巻。それを見た親父がさあ、貰ったモンは残すなってうるさくてさあ。食いもん、春巻きしかねーんだわ」
2192,"Le manger, c'est l'enfer, le gâcher, c'est aussi l'enfer. Devenons <des Shura ne|gardiens de temple> craignant pas d'être absents à la 5e période de cours, et apportons la paix à ces démons de fer―――",,
2193,"Hum, les ingrédients viennent du marché Nakayama et de la firme Macoy de la ville basse !」",,えー、食材は下町のなんでも商会、マーケット中山からの提供です！」
2196,"「Allez, Shizuki, n'hésite pas à te servir. Il y a encore plein d'ouvre-boîtes.」",,「ほら、静希も食べようぜー。缶切りならまだあるからさー」
2257,"「Ah... Non, nous autres, on a le corps fragile.... On va manger nos boîtes de conserve, peinards dans notre coin, d'accord ?」",,「あー……いや、僕ら、ちょっと体弱いんで……すみっちょで缶詰食べてますね？」
2276,"「Quoiii ?!!! Attends, c'est une véritable condamnation à mort ?! Le conseil étudiant est vraiment tyrannique !!!」",,@o「げぇぇぇ!!!?　ちょ、それ事実上の死刑宣告じゃん!?　生徒^会まじ横暴ー！！！！」
2333,,1,
2359,"「Merde, t'aurais pu le dire avant que je mange ! Et moi qui me suis dit que c'était trop bon !」",,「クソ、食う前に言えよな！　信じられねえぐらい美味いと思っちまったじゃねえか！」
2383,"「...... Je crois qu'il y a comme un léger malentendu, mais on verra ça après. D'abord, raconte-moi de quel drame tu parles.」",,「……君の言葉には誤解が含まれてるけど、それは後にする。それより、一年前の惨劇って？」
2410,Il se montrait si obstiné qu'Aozaki a fini par perdre patience. Elle l'a rejeté d'une manière que j'hésite un peu à décrire à haute voix.」,,あまりにしつこいんで蒼崎も堪忍袋の緒が切れたんだろう。ちょっと、口にするのは憚られる方法でふったんだよ」
2464,"Ce n'est pas comme si Aozaki détestait le type qu'elle a battu. En retournant le problème, ça ne veut pas dire qu'elle aime quelqu'un avec qui elle est aimable.",2,蒼崎はケンカをした相手だろうと別に嫌うワケじゃない。逆に言えば、親切にしたって別に好かれるワケでもない。
2465,J'en suis un bon exemple.」,0,いい例が俺だ」
2481,,0,
2482,,1,
2547,,0,
2487,"Ce n'est pas comme si cette princesse allait aimer quelqu'un qui lui a fait plaisir, ou détester quelqu'un parce qu'il a été vache avec elle.」",,いいコトをすれば好かれる、気に入らないコトをすれば嫌われる、ってワケじゃねえんだよ、あのお姫さまは」
2546,"Je suis misanthrope, alors j'aime bien la personne que tu es......",,俺は人間嫌いだから、そんなおまえさんが気に入ってたりするんだが……
2574,"Sōjūrō, petit nouveau en ville, croyait à tort que tous les adolescents de son âge fréquentaient ce lycée, mais en réalité, il n'était pas si loin que ça de la vérité.",,町にやってきて日の浅い草十郎は、同い年の少年少女は『みなこの学校の生徒である』と誤認していたのだが、幸か不幸か結論として間違いではなかった。
2615,"Je ne veux pas ! Tu sais ce que je ne veux pas ? Je ne veux pas être pris par la peau du cou et rangé avec des imbéciles juste pour faire les comptes ! J'en suis certain, dans le monde des adultes où règnent l'envie et la jalousie, mon cœur sera rapidement englouti et dissous comme un vulgaire comprimé dans un verre d'eau !」",,ああイヤだイヤだ、何がイヤかってバカどもと雁首ならべて金勘定するのがイヤだ！　ったく、嫉妬渦巻く大人の世界じゃ俺のオブラートみたいな心なんてぱっくり呑まれて溶けちまうコト請け合いだろうさ！」
2673,,2,
2718,,2,
2835,,1,
3007,"En quelques mots,",,つまり、
3008,voilà ce qu'il s'était passé la veille.,,昨日こんな事があった。
3025,"...Hey diddle diddle, the cat and the fiddle,",,"……Hey diddle diddle,The cat and the fiddle,"
3026,"The cow jumped over the moon,",,"The cow jump'd over the moon,"
3089,「―――<Connexion.|Set>」,,
3225,「Hum ?,,「ん？
3332,"「J'ai oublié son nom, mais c'est la même que celle qui apparaît dans <un roman chinois|La Pérégrination vers l'Ouest>.」",,「名前は忘れたけど、中国の小説に出てきたのと同じよ」
3378,,0,
3409,,0,
3553,"「Oui. Les attaques en traître ne me plaisent décidément pas. Si je dois le tuer, je le ferai à la loyale, après lui en avoir expliqué la raison.",,「ええ。騙し討ちは趣味じゃないから。殺すにしても正々堂々、正面から理由を言った後にする。
3793,,0,
4018,"Je pense d'ailleurs que j'y suis allée un peu fort, mais comme tu mettais du temps à arriver, j'en ai profité pour m'amuser un peu.”",,自分でもやりすぎだって呆れたもんだけど、貴方が遊園地に来るのが遅かったから。ちょっと興に乗っちゃって”
4092,,2,
4166,"“<Vivo in somno. Solitarie putresco in inferis|Je vis dans le sommeil. Je pourris, seule sous terre.>",,“Vivo in somno. Solitarie putresco in inferis.
4167,"<Hic dies meus obitus dies, et meus nativus dies. Te obeam.|Aujourd'hui est l'anniversaire de ma mort et celui de ma naissance. Je viens à ta rencontre.>”",,"@oHic dies meus obitus dies, et meus nativus dies. Te obeam.”"
4206,“...<Initio erraveramus. Dum vivimus dolores sunt.|Tout n'était que méprise. Si seulement je n'étais jamais venue au monde.>,,@o“―――Initio erraveramus. Dum vivimus dolores sunt.
4207,"<Nemo adiuvat. Nemo adiuvat. Nemo adiuvat.|Que quelqu'un me conjure, conjure, conjure, conjure, conjure, conjure, conjure――― !>”",,Nemo adiuvat. Nemo adiuvat. Nemo adiuvat.”
4218,"“... <Venite, Venite, Venite, meum sepulchrum veniteeeeeeee|... Bienvenue, bienvenue, dans ma tombe, bienvenuuuuuuue...>...”",,"“……Venite, Venite, Venite, meum sepulchrum ^veniteeeeeeee……”"
4292,<Je t'attire chez moi.|Venite domum meam.>,,
4293,"<Une mort horrible, horrible.|Luto simile somnium.>",,
4294,<Deviens poussière puis susurre.|et pulveri simile cotidianum.>,,
4295,"<Perce le cœur qui a quitté cette poitrine,|Cor privo.>",,
4297,“<Je t'apporte la mort.|Te iudico.>”,,
4362,"“...... Il n'a pas accompli son rôle, mais il a assuré pour le service après-vente. Je peux bien tenir ma promesse.”",,“……役割は果たさなかったけど、アフターケアは合格だし。約束は、守らなくちゃね”
4392,Une pèlerine noire flottait au-dessus de la grande place du parc d'attractions.,,降り立つ黒衣。
4396,,1,
4496,"Mais comme ça, tu as compris, n'est-ce pas ? Surtout que c'est la deuxième fois pour toi.」",,でもこれで分かったでしょ？　二度目だものね、貴方にとっては」
4764,"...... C'était une autre histoire,",,
4765,"mais sans exagérer, elle représentait pour lui l'erreur de toute une vie.",,
4801,"「Je t'ai déjà dit que je le savais, non ?」",,「分かってるって言ってるでしょ」
4865,,0,
4902,"“<Vivo in somno. Solitarie putresco in inferis|Je vis dans le sommeil. Je pourris, seule sous terre.>.",,“Vivo in somno. Solitarie putresco in inferis.
4903,"<Hic dies meus obitus dies, et meus nativus dies. Te obeam.|Aujourd'hui est l'anniversaire de ma mort et de ma naissance. Je viens à ta rencontre.>”",,"@oHic dies meus obitus dies, et meus nativus dies. Te obeam.”"
4909,"“<Mea anima immortalis. Autem mea futura necata sunt|Je suis immortelle, mais mon futur a été annihilé.>.",center,“Mea anima immortalis. Autem mea futura necata sunt.
4910,<Manes sum. Animam definire ambiguum est|Je suis un spectre. La vie est une notion vague.>.,center,Manes sum. Animam definire ambiguum est.
4911,"<Te odi, et te amo. Conveniamus in somnio ipso.|Toi, l'être haï, toi, l'être aimé. Je prie pour que nous nous voyons en rêve.>”",center,"Te odi, et te amo. Conveniamus in somnio ipso.”"
4924,"“<Proximi mihi neglegentes fuerunt. Omnes nos peccantes fuimus|Le voisinage était indifférent avec moi. Nous sommes tous pécheurs,>,",center,“Proximi mihi neglegentes fuerunt. Omnes nos peccantes
4925,"<et omnes nos eidem fuimus, omnes nos peccatores sumus|nous étions coupables et semblables.>.",center,"fuimus, et omnes nos eidem fuimus, omnes nos peccatores"
4926,"<Venite domum meam. Luto simile somnium|Bienvenue chez moi. Que ta mort soit horrible,>,",center,"sumus. Venite domum meam. Luto simile somnium,"
4927,"<et pulveri simile cotidianum. Cor privo.|deviens poussière et murmure. Perce le cœur qui a quitté cette poitrine,>”",center,et pulveri simile cotidianum. Cor privo.”
4928,“<JE T'APPORTE LA MORT.|Te iudico.>”,center,“「オマエニ、死ヲ」”
5047,"“<Nemo meum funus meminit, qui doluit exstinctus est|Plus personne ne se rappelle mon enterrement. Les proches endeuillés ont aussi disparu.>.",,"@o“Nemo meum funus meminit, qui doluit exstinctus est."
5048,"<Initio erraveramus. Dum vivimus dolores sunt|Depuis le départ, nous nous trompions. C'est douloureux de vivre.>.",,Initio erraveramus. Dum vivimus dolores sunt.
5049,"<Nemo adiuvat|Par pitié, que quelqu'un me sauve.>.”",,Nemo adiuvat.”
5052,,0,
5151,“Vivo in somno. Solitarie putresco in inferis.,,“Vivo in somno. Solitarie putresco in inferis.
5152,"Hic dies meus obitus dies, et meus nativus dies. Te obeam.”",,"@oHic dies meus obitus dies, et meus nativus dies. Te obeam.”"
5172,"La seule arme qu'elle pouvait recréer pour l'heure était un marteau avec son bras fin devenu une arme contondante moins large qu'une batte. Et comme le prérequis à son emploi était de s'approcher, son usage était des plus risqués.",,
5212,Manes sum. Animam definire ambiguum est.”,,Manes sum. Animam definire ambiguum est.”
5256,"“<L'intelligence est inutile.|Intellectum non necessitas> <Être pieux est inutile.|Et pius non necessitas><r><Aah, notre nature était de lutter,|Ô nostrum esentia auferati eramus> <et notre raison venait en dernier.|ratio figur tantum est><r><Mon cerveau est l'origine de ma souffrance.|Doloris initium encephalon>”",,
5260,“<Donnez-nous le pardon.|Iis salvitio> <Donnez-nous le pardon.|Iis salvitio> <Donnez-nous le pardon.|Iis salvitio>”,,
5267,"“<Intellectus non necessarius est. Pius quiescat|Renonce à ta droiture, dis adieu à ta piété.>.",,“Intellectus non necessarius est. Pius quiescat.
5268,"<O nostra essentia ablata fuit,|Nous sommes des bêtes, nous nous entre-dévorons, cette vie n'est que décoration.>",,"O nostra essentia ablata fuit,"
5269,<ratio fixa tantum est. Doloris initium cerebrum fuit.|Donc libère-toi de ton intelligence―――>”,,ratio fixa tantum est. Doloris initium cerebrum fuit”
5275,“「<Nous sommes morts―――|Iis salvatio>」”,,
5286,“<Vivo in somno. Solitarie putresco in inferis.|Je vis dans le sommeil. Je pourris toute seule dans la terre.>,,“Vivo in somno. Solitarie putresco in inferis.
5287,"<Hic dies meus obitus dies, et meus nativus dies. Te obeam.|Aujourd'hui est l'anniversaire de ma mort, et celui de ma naissance. Je viens à ta rencontre.>”",,"@oHic dies meus obitus dies, et meus nativus dies. Te obeam.”"
5293,"Le poème maudit, la source de sa puissance, servait aussi de système de défense qui rendait malade quiconque s'en approchait.",,人形の動力源である呪いの詩は、近寄る者に病をもたらす防衛機巧にもなっている。
5453,"C'est bon, va paresser ailleurs, Alice. Enferme-toi dans ta chambre et va fabriquer tes étourneaux sans intérêt.」",,いいから帰れ帰れ、ぐうたら有珠。部屋に閉じこもって役に立たない椋鳥でも作ってろっての」
5466,,2,
5603,,0,
5620,"la dernière page d'un énorme <kamishibai|théâtre d'images>, pensa-t-elle.",,
5624,"En voyant la frontière ondulante, elle fléchit enfin les genoux face à cette <île|Snark> du désespoir.",,
5647,"Au-dessus du garçon à côté d'elle, <l'œuf chuchoteur|Scratch Dumpty> poursuivait sa transformation.",,
5831,,0,
5938,"...... Si l'on devait attribuer une couleur à ces mots, ça serait celle que l'on retrouve dans son nom, le <bleu|Ao>.",,
5941,"<Les doutes et les inquiétudes au fond du sac,|Tic tac tic tac.> <l'aube est une étape|Donne un coup de sifflet.><r>du voyage.",,
5942,"<Les étoiles scintillantes tombent vite,|Les étoiles viennent toujours du ciel du nord,> <et sont maintenant dans ton|N'importe où, pour toujours.><r>cœur.』",,
5992,"「―――C'est parti. <Forme de balle de prana|Tour Plan>, <Projection Convergente|Starmine>.」",,
6156,Toutes les couches à plein<r>régime―――!」,0,
6190,quelque chose.,,
6212,Cette mort pourpre venait pour tuer cette chose.,center,
6257,,0,
6279,"「―――<Reconnexion, forme balle de prana|Change Tour Plan>―――」",,
6391,,0,"Espace obligatoire, en jeu cette phrase est directement collée à la précédente"
6497,"Je pense que même dans ces circonstances, ce n'est pas bien de gaspiller de la nourriture !」",2,食べ物を粗末にするのはよくないと思う！」
6516,Une <destruction mutuelle explosive|Scramble Murder Case>.,,
6553,,1,
6554,,1,
6627,......... Ce n'est pas...,,………冗談じゃ、
6628,une blague.,,ない。
6707,「――――<Connexion.|Set.>」,,
6729,,2,
7206,"「C'est dommage. Connaissant Aoko, je m'attendais à ce qu'elle vienne me réduire en cendres avec la tour d'horloge.」",,「青子の事だから、時計台ごと私を焼き払いにくるかと思ったけど」
7686,"Tu dis que je suis sous surveillance, mais pourquoi on en est arrivés là ? Pour autant que je sache, je n'ai rien fait de mal, et puis d'abord, tu ne gagneras rien à garder un œil sur moi !",,監視するって言うけど、なんでそんな話になってるんだ？　考えられる範囲、悪いコトとかしてないし、そもそも俺を見張っても得なコトなんていっこもないし！
7687,Tu te trompes sur pas mal de points !」,1,蒼崎は色々まちがってる！」
7721,"C'est bien moins barbare que de vouloir tuer le témoin à tout prix, non ?",,何でもいいから目撃者を殺す、なんて事より、こっちの方がよっぽど穏便でしょ。
7970,"Ce que je n'arrive pas à croire, c'est que vous mettiez la Magie en pratique à la moindre occasion. Il aurait suffi de me dire que c'est quelque chose d'effrayant.",,信じられないのは、なんでいちいち実践するかって事だ。魔術は恐いものなんだって言えば済むだろうに。
7971,"Et aussi, j'ai entendu tes propos menaçants, Aozaki.」",0,それと、ぶっそうな蒼崎の声、聞こえてたぞ」
7986,,2,
8070,L'idée de préserver la Magie comme un mystère éternel n'est qu'une règle imposée par ces types pour la perpétuer.」,2,“魔術を不朽の神秘とせよ”……というのは、魔術を魔術として永続させるために敷いたルールにすぎないわ」
8143,"Pour résumer, un Mage est un être inhumain qui fait des expériences magiques à la moindre occasion, et qui peut devenir un monstre ou le diable en personne pour protéger les rites secrets transmis dans sa lignée―――bref, au sein de sa famille.」",,ともかく、魔術師っていうのは暇さえあれば魔術の実験をしてる連中で―――自分の家系が伝えてきた秘儀を守るためなら鬼でも悪魔にでもなる」
8168,"Normalement, tu devrais être surpris, effrayé, nous ignorer, ou faire comme si nous n'existions pas. Alors, pourquoi tu m'as crue lorsque je t'ai dit que j'étais une Magicienne ?」",,普通は驚いたり恐がったり無視したりするものなのに、どうして魔法使いだ、なんて言った私を信じたの？」
8221,"En d'autres termes, vous vous battez pour ces terres ?」",2,蒼崎たちは土地の奪い合いをしているんだな？」
8513,"...... Et puis, Aoko n'est pas en position de se préoccuper des gens. Au bout de cinq jours, elle réalisera à quel point sa situation est précaire. Et alors―――」",,……だいたい、青子も人にかまけていられる立場じゃないわ。五日もすれば思い知るでしょう。そうすれば―――」
8607,,0,
8650,「Kinomi. Imaginons qu'une fille hérissée dans le <genre fugu arrive|poisson-globe> à l'Ours Enragé.,,
8665,「Quoi ? Tu parles bien avec les filles de la classe. C'est la marche à suivre. Tu peux pas savoir comme je t'envie !,,「クラスの女どもとは話してんじゃん。あれでいいんだっつの、オレは羨ましいっつの。
8750,"Tu fortifies tes défenses, mais tu laisses la porte du château grande ouverte dans la claire intention d'embrocher ta proie si jamais elle entre par inadvertance. En tant que partenaire, je ne peux pas regarder ça en restant les bras croisés.",,ガチガチに守りをかためて、そのクセ城門だけ開けて、獲物が油断して入ってきたら串刺しにする気満々とか、相棒として見てられないわ。
8758,,2,
8782,,2,
8876,"「Non, je n'aurai sûrement pas fini en une journée, alors j'en achèterai un.",,「たぶん一日じゃ終わらないから自分で買うよ。
9193,『Il vient juste d'être transféré. On n'y peut rien.』,,
9194,quand le professeur Yamashiro la lui avait montrée en ajoutant ceci.,,
9632,,0,
9751,,2,
9752,,2,
9981,"「...... D'accord. Mais c'est nul. Si j'avais su, j'aurais appris quelques notions d'Alchimie. Comme ça, je n'aurais pas eu à éprouver ça.」",,「……いいけど。あーあ、情けない。こんな事なら錬金術でもかじっておくんだった。そうすれば、こんな思いをしなくてもすんだのに」
10092,「Je vois. On a tous les deux du temps à perdre.」,,「なるほど。時間を持て余しているところも同じだね」
10408,"J'peux pas accepter ça ! Pourquoi un nouveau venu devrait, à peine arrivé, monopoliser l'attention de Mam'zelle Alice ? Je peux pas laisser passer ça ! Explique-moi ce mystère ! Et ne mens pas. Quand je suis sérieux, rien ne va plus !』",,そのあたりジブン、なんか納得いかないッス。まだうちに入ったばかりの新参ものが、なんでアリスさんの視線をひとりじめしてるっスか？　許せないスけど、その秘訣を教えてほしいっス。切実に。ジブン、本気だしたら凄いッスよ』
10479,,0,
10526,,0,
10570,,0,
10680,"「Mais non. Rebroussons chemin pour finir le balayage, Tobimaru.」",,「無いよ。戻って掃除の続きをするぞ、鳶丸」
10744,"Il devrait trouver assez vite la position des Pivots restants, à présent.」",,残りの割り出しは今までより早くなる」
10811,"Si tous les Pivots sont détruits, nous serons finalement assiégées au manoir......",,支点がすべて潰されたら、いよいよ洋館での籠城になるけど……
10812,"Ça te convient vraiment, Aoko ?」",2,いいの、青子？」
10846,"Tu sais, celui que tu m'as enseigné, le charme qui dit : <Poids de l'air,|Légèrement, faiblement,><r><tremblement de la poitrine.|habilement, rapidement.> <La lumière en premier,|Tic tac tic tac,> <l'ombre en second.|dépêche-toi, dépêche-toi.>」",,
11095,「Tai-,,
11096,Tais-toi ! Ce n'est pas ça !,2,
11411,"Et puis, j'aime pas particulièrement les beaux gosses. Pour moi, un homme, un vrai, doit être dans le genre de Schwarzy.」",,顔の良い男は好きじゃないし。やっぱり男はシュワちゃんぐらいじゃないと」
11482,,2,
11485,"「Désolé, grâce à toi, je me suis trouvé une copine ! Sa phrase fétiche, c'est ""je te préfère à Kinomi"" ",,「ごめん、木乃美のおかげで僕にも彼女ができました！　彼女の口癖は“木乃美クンよりマシよ
11486,Tu sais tout !」,1,”です！」
11502,"「Ouais, la cérémonie d'entrée ! J'ai vu cette fille canon, alors je suis allé la saluer par réflexe !",,「おう、入学式な！　すげー身体してる女子がいたからさあ、つい声をかけたんだよな！」
11545,,1,
11739,,1,
11748,"「...... Aaah. En fin de compte, on ne peut pas leur faire confiance. On prétend que maintenant, les Alchimistes de Prague sont des Mages de la finance, et que ceux d'Égypte fabriquent des armes......」",,「……はあ。錬金術師ほどアテにならない奴はいないってワケか。今じゃプラハの錬金術師は証券魔術師、エジプトの方は兵器作ってるって話だしね……」
11936,"“Si nous désirons trouver le bonheur, arrêtons de nous soucier de la gratitude ou de l'ingratitude et donnons, simplement pour le plaisir de donner.”",,“幸せになりたければ、誰が恩を返した、誰が恩を返さないなどと考えるのはやめて、人に貢献できる喜びを大切にしよう”
11937,dont voici la citation exacte.,,
11943,"“Les gens riches devraient utiliser leur fortune pour enrichir la société, au lieu de gaspiller leur argent.”",,“富める者は、その富を社会の改善のために使うべきである”
11944,dont voici la citation exacte.,,
11961,"Je vais préparer le dîner, alors―――",2,
11962,,2,
12053,「―――Tch. C'est vrai...」,,「―――チッ。そうか」
12334,,2,
12498,"「Je sais. D'abord, il faut enquêter sur le parcours de la société, l'identité du patron et le nombre de salariés tout en cherchant les victimes,",,
12499,<r>et―――」,0,"Espace obligatoire, en jeu cette phrase est directement collée à la précédente"
12502,,2,
12526,,1,
12930,,0,
12971,"「Que―――Pas, pas, pas, pas possible ! Tu as déjà envoyé la<r>commande ?!」",,
13052,,0,
13269,「Sōjūrō. Tu te rappelles ce qu'a dit Kinomi ?」,,「木乃美くんがなんて言ったか、覚えてる？」
13328,「De grands artistes viendront au Japon dès l'été prochain......,,「来年夏にはビッグアーティストも来日予定……
13329,Pinktrude en fait partie ?!,1,って、ピンクトゥルーデが入ってない！？
13360,,2,
13780,,1,
13837,,1,
14005,,1,
14106,,0,
14111,「───Je ne le dirai pas deux fois.,,「―――二度は言わないわ。
14175,"Aaah, en le simplifiant de manière à ce que tu puisses comprendre...... Bah, considère ça comme le soleil.",0,あー、草十郎の分かるレベルに落としこむと……ま、太陽みたいなものと考えて。
14318,,2,
14348,"「Ben, comme je viens de le dire, elle a un sale passe-temps qui consiste à voler ce qui m'appartient et à le détruire. En quatorze ans d'efforts, pas une seule chose sur laquelle elle a jeté son dévolu ne s'en est sortie indemne.」",,「だから、あの人って私の持ち物を横取りしてはぶっ壊すのが趣味なのよ。苦節十四年、姉貴に目をつけられて無事だった物なんてひとつも無いもの」
14412,"「―――,",,「―――、
14413,ahem.」,1,ぽこ」
14561,Cependant...,,
14578,Les cheveux et les yeux humains ont toujours constitué de bons matériaux en Magie. Tout particulièrement dans le cas des femmes.,,昔っから人間の髪や目は魔術の材料になりやすいの。女の場合は殊更にね。
14935,,2,
14957,"『Wood and clay will wash away,』",,"『Wood and clay will wash away,』"
15118,,0,
15384,"「Pourquoi ? On pourrait utiliser certaines choses, mais on ne peut pas parce qu'on n'a pas l'argent. Ce n'est pas terriblement frustrant, ça ?」",,「使えるものがあるのにお金がないだけで使えないんだから、それって不便って言わないか？」
15502,"「Tu seras plus en sûreté à l'église qu'ici. Et puis, moi aussi, je dois me dépêcher.",,
15503,"...... Shizuki, peux-tu pédaler avec deux personnes dessus ?」",0,
15508,「............,,「…………
15509,"Si tu ne peux pas, alors tant pis.」",,出来ないなら、いいわ」
15647,「............,,「…………
15585,,2,
15648,Vraiment ?」,,本当？」
15711,,7,"2 espaces indentation + 4 espaces pour remplacer ""Aoko"" + 1. Peut-être remplacer par ____ ?"
15712,,7,"l'espace pour le nom d'Aoko, invisible. Peut-être remplacer par ____ ?"
16246,「............,,「…………
16247,Aozaki ?」,,蒼崎？」
16326,"Dans la vie, ton principal spectateur, ce n'est nul autre que toi-même. Voilà pourquoi on ne peut jamais baisser sa garde.」",,生きてく上で一番の観客っていうのはね、他ならぬ自分自身なのよ。だから人生っていうのは油断ならないんじゃない」
16452,"Alors que tu t'habituais à peine à cette vie remplie de bon sens, tu t'es retrouvé impliqué avec les anomalies que sont Aoko et Alice. Et pourtant, tu as conservé ta routine.",,ようやく慣れた常識の中で、青子たちという非常識と関わっても暮らしていけた事。
16457,"Pouvoir naturellement se fondre dans le paysage ou entre les arbres est une qualité magnifique, mais ne pas avoir d'égo implique ne pas avoir d'endroit à soi.",,風景に溶けこむ自然さは素晴らしい人徳ですが、自我がないという事は、居場所がないという事ですから。
16459,"「Cela dit, le fait que Yuika soit incapable de te voir allait au-delà de toute prédiction.",,「唯架にまで見えない、というのは予想以上でしたが。
16647,,0,
16925,「<[swel]|Sow>―――」,,
16934,「<[swel]|Sowilo>―――!」,,
16956,「―――<[eywz]|Eihwaz> !」,,
16965,"De là où Tōko se situait, son champ de vision se séparait en deux et elle ne pouvait déterminer la position de sa sœur cadette......!",,橙子の位置からでは視界が二つに別けられ、正面の像を視認できない……！
16988,"「<Forme Balle de prana|Tour Plan>, <Tir Convergeant|Starmine>―――Circuit, feu.........!!!!」",,
17219,"「―――<Circuit|Turbine>, <Connexion|Set>.」",,
17243,"「<[ansz], [swel], [ingz]|Ansuz Sowilo Ingwaz> !」",,
17413,Les lames de tonnerre furent repoussées par les balles de prana à la manière d'une bourrasque de vent.,,飛び交う電刃を、暴風の如き魔弾が叩き伏せる。
17454,,0,
17476,"「―――<Axe subjectif|Main>, <Fixé|Set>.」",,
17512,,0,
17528,,0,
17533,"「J'y penserai le moment venu ! La prochaine fois, j'enverrai le temps emprunté dans le passé ! De cette façon, tu n'auras plus de quoi te plaindre, hein ?!",,「その時はその時で、今度は負債を過去に送ってやるわよ！　それなら文句ないんでしょう！？
17534,,0,
17555,,0,
17594,「............,,
17595,"Je pensais en fumer une dernière, mais malheureusement, je les ai toutes finies pendant que je t'attendais.",,
17596,La faute aux cigarettes japonaises. Elles sont trop bonnes.」,,日本の煙草は旨すぎていけない」
17692,,1,
17693,,1," Espace obligatoire, en jeu cette phrase est directement collée à la précédente"
17783,,1,
18055,"Elle faisait semblant de nous prendre à la légère, mais en réalité, elle était sérieuse depuis le début.」",,甘く見ていたフリで、初めから、余裕なかったんだ」
18091,,0,
18106,,2,
18236,「..................,,「………………
18237,Espèce... d'idiot.」,,この、ばか」
18296,,0,
18442,,16,réduire l'espacement pour aligner la prochaine lgine à droite
18446,,16,réduire l'espacement pour aligner la prochaine lgine à droite
18543,Hein ?」,,は？」
18796,――――――,,――――――
18797,J'ai vraiment été naïve.」,,本当に、甘かった」
18939,Le chemin dont on ne voyait pas le bout s'étirait indéfiniment.,,ゴールの見えない道は延々と続いている。
19135,,1," Espace obligatoire, en jeu cette phrase est directement collée à la précédente"
19156,............,,…………
19157,Je n'avais pas poussé la réflexion aussi loin.」,,そこまでは、考えていなかった」
19183,「La vie en montagne n'a rien de spécial.,,「山での暮らしは、別に、どうという事はない。
19197,"Une fois, j'ai même découvert le corps d'une connaissance au pied d'une falaise, quelque temps après sa disparition.」",,見なくなってしばらくした後、崖の下で見覚えのある遺体を見付けた事もあった」
19201,"「...... En montagne, personne ne songeait à voler qui que ce soit.",,「山では、誰も他人から奪うことを考えなかった。
19271,,10,
19290,,0,
19525,Aozaki.」,,蒼崎」
19671,"et au pull bleu qui a fait ses débuts au lycée,",,
19672,mais qui s'est fait voler la vedette par la véritable héroïne :,,
19678,accompagnés de Robin the Crook.,,
19681,,0,alignement saynète
19682,"Comme elle v'nait pas aux studios alors qu'c'était l'heure,",0,alignement saynète
19683,,0,retour à la ligne supprimé
19684,"C'est juste une inversion de perspective,",2,
19685,"vous voyez ? Si l'invité n'vient pas, il n'y a qu'à",2,
19686,"venir faire l'émission dans sa chambre, non ?",2,
19687,"...... C'est bon, alors dépêche-toi de commencer. Finis ça",,
19688,"le plus rapidement possible, et va-t'en plus vite que la lumière.",,retour à la ligne saynète
19691,,8,
19692,,8,
19693,,7,
19694,j'aimerais passer un peu de temps avec toi en privé......」,8,alignement saynète
19695,"La richesse du langage humain est incroyable. Honnêtement, c't'à 90 %",0,alignement saynète
19696,impossible de savoir c'que moi ou mon interlocuteur voulons exprimer.,0,retour à la ligne saynète
19698,"Moi aussi, je partage cette opinion.",,
19705,C'est un cours simple pour les nouveaux venus<ra>n'ayant aucune idée de c'qu'est la Magie.,,
19706,Voilà c'qu'est “Tout sur les Ploy”.,,
19707,"Donc, c'est quoi ces “familiers”, Mam'zelle Alice ?",,
19710,,6,
19711,,6,
19712,"Depuis les temps anciens, la principale occupation des Mages est de s'enfermer dans leur Atelier pour mener à bien leurs études. Ils laissent à ceux en qui ils ont confiance la tâche de collecter des matières premières, observer le monde extérieur ou exterminer leurs ennemis.",,
19715,,2,alignement saynète
19716,"Un disciple est le successeur qui hérite des techniques du maître<ra>et se doit de les maîtriser, n'est-ce pas ?",2,retour à la ligne saynète
19717,,2,alignement saynète
19718,et ces derniers ne prendraient pas de disciples<ra>s'il en était autrement.,2,alignement saynète
19719,"À l'inverse, les familiers reçoivent l'intégralité<ra>de leurs capacités à leur naissance.",,
19720,Il n'y a aucun sens à ce qu'un être incapable d'évoluer<ra>devienne le successeur d'un Mage.,,
19721,"J'vois. J'comprends mieux. C'pour ça que malgré les années<ra>qui passent, ma capacité de mémorisation n'augmente pas.<ra>Mais ça veut aussi dire que j'suis parfait depuis ma naissance.",4,
19722,Oui. Tu es parfaitement inutile.,12,alignement saynète
19723,,4,alignement saynète
19724,"En effet, une grande partie des types de familiers requièrent<ra>d'être alimentés en prana par leur maître.",4,alignement saynète
19725,"Plus le familier est gros, plus il a besoin de prana. C'est pour cela que",,
19726,"les petits animaux sont privilégiés, car ils consomment peu de prana et<ra>sont capables dès leur création de subvenir eux-mêmes à leurs besoins.",,
19727,"? Pourtant, j'ai jamais chassé ou fait un truc du genre.",0,alignement saynète
19728,J'ai pas besoin de protéines ou de fibres alimentaires ?,0,alignement saynète
19729,"Les Ploy sont une catégorie à part. Bref, pour les Mages, les familiers",0,alignement saynète
19730,sont des “serviteurs” ou des “animaux de compagnie” à leur service.,0,alignement saynète
19731,"Ainsi, on prend en général un chat, un oiseau ou une souris comme familier.",,
19732,"Mam'zelle Alice,<ra>cette machine effrayante,",4,
19733,ça entre dans quelle catégorie ?,4,
19734,,4,
19735,il s'agit davantage d'une sentinelle que d'un familier.,4,
19736,"...... Sa conception même est très éloignée des normes<ra>traditionnelles des familiers. De la même façon,",,
19737,les familiers possédant une intelligence compatible,,
19738,avec les humains comme toi sont aussi des exceptions.,,
19739,Mais les familiers de ce genre ne sont qu'un immense gâchis d'énergie.,0,
19740,"Leur coût en prana est trop élevé. En général, le Mage gagnerait",0,
19741,à faire le travail lui-même ou à utiliser des ressources plus abordables.,0,alignement saynète
19742,"En d'autres termes,",4,
19743,"la fin ne justifie pas les moyens, hein.",4,
19744,"Hm ? Quelque part, ça veut dire que le familier<ra>est toujours plus faible que le Mage, hein.",8,
19745,,8,
19746,"Ouaah, ils sont vraiment inutiles !",8,うは、マジ使えないヤツらッスー！
19747,"Voilà une conclusion hâtive typique de toi, Robin.",4,alignement saynète
19748,,4,alignement saynète
19749,,4,alignement saynète
19750,"Mam'zelle Alice. Vos paroles sont merveilleuses,",4,alignement saynète
19751,mais pourquoi votre visage fait peur ?,4,alignement saynète
19752,"Même s'il ne lui donne que 10% de ses propres capacités,",4,
19753,il est très facile pour un Mage de créer un familier<ra>plus “fort” que lui-même.,4,本人より“強い”使い魔を造る事は簡単よ。
19754,"Tiens, pourquoi ne pas essayer de t'enfoncer",4,alignement saynète
19755,un derringer dans le ventre une prochaine fois ?,4,alignement saynète
19756,,4,
19757,mais il y a de fortes chances que tu puisses<ra>au moins déstabiliser l'ennemi.,4,
19758,,0,alignement saynète
19759,,0,alignement saynète
19760,J'ai l'intuition que j'aurai un grand rôle à jouer à Noël......!,0,retour à la ligne supprimé
19761,Tu serais plutôt un lance-pois.,,
19762,Je me demande si tes projectiles<ra>se feront juste gober.,,
19763,Vous êtes vachement dure.,,
19765,,4,alignement saynète
19766,,4,alignement saynète
19767,"Hm ? En dehors de vous, toute-puissante Mam'zelle Alice,",,
19770,,4,
19771,,4,
19772,"En premier lieu, elle ne sait que détruire ! Si elle",4,alignement saynète
19773,"donnait le seul don qu'elle possède à un familier,",4,alignement saynète
19774,sa raison d'être se briserait en mille morceaux.,4,存在意義も跡形もなく壊れてしまうわ。
19775,Ha ha ha.,4,
19776,Vous n'mâchez pas vos mots.,4,
19777,Un familier serait inutile au combat pour Aoko.,4,retour à la ligne saynète
19778,,4,
19779,,4,
19780,,4,
19781,,4,
19782,Pour faire une comparaison avec les échecs......,4,
19783,"non, avec le shogi, Aoko n'est que le camp du roi<ra>(avec les capacités du fou et de la tour).",4,retour à la ligne saynète
19784,"Quant à moi, mon camp est fort, mais le roi<ra>lui-même n'a que la capacité de “marcher”.",4,わたしは陣営こそ強力だけど、王将自体が「歩」の^能力しかない、というイメージね。
19785,,4,
19786,,4,
19787,"Elle peut à peine faire la nage du chien en natation,",2,alignement saynète
19788,et ne sait faire ni de la barre fixe ni du vélo.,2,alignement saynète
19789,"Aux heures de sport, sa tâche est facile :<ra>rester assise à la lisière du campus.",4,体育の時間は校庭のはじっこで座っているだけのカ^ンタンなお仕事。
19790,Mais c'est pas grave !,,
19791,"Si j'sais tout ça, c'est parce que je vous file pour prendre des photos !",,
19795,"Même moi, il m'arrive parfois de courir un peu.",,わたしだって、走るだけなら少しはこなせるわ。
19800,"Cette fois aussi, on va commencer la leçon ici,",,今回はここ、アリスさんが指定した
19804,,2,alignement saynète
19805,Je me demande si tu es bien conscient<ra>de ton rôle d'interprète.,2,alignement saynète
19817,,2,alignement saynète
19818,,2,alignement saynète
19819,,2,alignement saynète
19823,"Il ne faut pas tomber dans la routine, non ? Même si c'est le coin",2,alignement saynète
19824,"bonus, ce n'est pas une raison pour réutiliser les mêmes décors.",2,alignement saynète
19825,C'est contraire à mon éthique. On n'est pas dans un certain dojo.,2,alignement saynète
19829,"Mais perso, j'préfère plutôt les jupes aux blouses. Celles qui ressemblent à<ra>des robes, elles sont divines. Enfin, c'est pas que les blouses c'est moche,<ra>c'est juste un problème d'image. Est-ce qu'elles rendent bien en peinture ?",,
19830,"Vous voyez “La forêt, l'oiseau et la fillette” ? Ou “L'oiseau et l'élève de maternelle”, où l'enfant a une telle présence qu'on en oublie l'oiseau.",,
19831,Zut. J'étais en pleine préparation<ra>de pâtisseries.,4,alignement saynète
19832,,4,
19833,,4,
19837,,0,
19838,"Dès que j'ai le temps, je fais des Ploy.",0,retour à la ligne saynète
19842,"En fait, cette odeur, c'est du chocolat ?",4,alignement saynète
19843,Pas possible......,4,alignement saynète
19844,Les Ploy étaient des pâtisseriesーーーー?!,4,alignement saynète
19845,"...... Toi alors. Tu es un Ploy, et pourtant, tu ne connais pas",,
19846,"leur mécanisme ? Je ne voulais pas le reconnaître,",,
19848,,4,
19849,,4,
19850,,4,
19854,C'est comme je l'ai expliqué<ra>dans l'histoire principale.,2,alignement saynète
19855,,2,alignement saynète
19856,Voilà qui réduit à néant l'intérêt de c'coin bonus.,,retour à la ligne saynète
19857,,4,alignement saynète
19858,Non.,,
19859,Mais j'voudrais au moins avoir un résumé.,,
19860,"À ce rythme, c't'partie va être pire qu'un certain dojo !",,
19861,............... Je préférerais éviter cela.,2,
19862,Dans ce cas......,2,
19863,"Voici l'orthographe de Ploy Kickshaw. En soi, ça donne",,
19864,déjà une assez bonne explication. Qu'en penses-tu ?,,retour à la ligne saynète
19870,C'est aussi dans le sens d'excentri――,,
19871,,4,alignement saynète
19872,,4,alignement saynète
19873,,4,alignement saynète
19881,Je suis trop scrupuleuse pour l'exhiber devant l'Association des Mages<ra>afin d'en obtenir des privilèges et de l'argent.,,魔術協会に公開して権利と利益を得る、なんて低俗^な事はしていないから。
19890,Qu'entends-tu au juste<ra>par Meinster ?,,
19891,My Godness. La mère de Mam'zelle Alice.,0,alignement saynète
19892,Elle avait des surnoms comme la Sorcière au sang pur.,0,alignement saynète
19899,,2,alignement saynète
19900,,2,alignement saynète
19901,,2,alignement saynète
19902,...... C'est incroyable.,,
19903,Elle avait vraiment une âme d'enfant.,,
19904,"Ha ha ha, qu'est-ce que vous racontez.",4,
19905,Vous qui vous réveillez systématiquement,4,
19906,"dès que l'idiot rentre à la maison,",4,
19907,vous n'avez rien à lui envi...,1,
19908,Guah ?!,1,ぐぼぁ!?
19911,"Alors Robin, occupe-toi de la réservation au restaurant.",4,
19912,"Quand tu auras fini, réchauffe le chocolat.",4,
19913,"Et après, tu poliras le miroir.",4,
19914,Et ensuite...... voyons. Écrase-toi contre,,
19915,un poteau électrique et meurs de façon théâtrale.,,retour à la ligne saynète
19918,C'est le genre de mon personnage.,1,
19919,"Dans l'histoire principale, je me tais<ra>seulement parce que c'est éreintant.",1,
19920,,2,
19921,Brûler des calories,2,貴方のような
19922,toutes les cinq secondes,1,××を罵るのに
19923,pour injurier quelqu'un d'aussi xxx que toi.,2,
19924,,2,
19925,C'est terrible !,4,
19926,"Ça veut dire que j'ai moins de valeur qu'un caramel Glico, hein !",4,
19927,,4,
19928,,1,alignement saynète
19929,,1,alignement saynète
19930,,1,alignement saynète
19931,,1,alignement saynète
19932,,4,
19933,,4,
19934,J'me suis fait avaler tout rond en un instant.,2,alignement saynète
19935,,2,alignement saynète
19936,,2,alignement saynète
19937,Chef.,4,
19938,Une assiette de thon trois variétés.,4,
19939,,2,alignement saynète
19940,,2,alignement saynète
19941,,6,alignement saynète
19944,chūtoro et ōtoro.,,
19945,"Trois couleurs ensanglantées. Comme l'drapeau d'la France, quoi.",2,"alignement saynète, supprime ""national"""
19946,"Faute d'argent, j'me contenterai d'oeuf, de poulpe et d'inari-zushi.",2,alignement saynète
19947,Chef.,4,
19948,Une autre assiette de chūtoro.,4,
19949,,4,
19950,,4,
19951,,4,
19952,Chef.,4,
19953,Une autre assiette d'ōtoro.,4,
19954,Chaque assiette coûte aussi cher,4,
19955,qu'un dîner normal.,4,
19956,,4,
19957,,4,
19958,Chef. Une autre assiette d'ōtoro.,4,
19959,,0,alignement saynète
19960,,0,alignement saynète
19961,,0,alignement saynète
19967,Mais il risque d'être rapidement à sec.,,
19968,Faut dire qu'son portemonnaie n'est pas bien rempli.,,
19970,,4,
19971,,4,
19972,,4,
19975,"Non non, rien.",,
19976,"La proprio détient l'autorité absolue, après tout.",,
19977,Qui pourrait s'opposer à vous dans ce manoir ?,,
19978,,0,alignement saynète
19979,,0,alignement saynète
19980,,2,alignement saynète
19981,,2,alignement saynète
19982,,2,alignement saynète
19985,par paire avec la grâce d'un joueur de Mahjong.,,
19991,,2,alignement saynète
19995,,12,alignement saynète
19999,,12,alignement saynète
20000,,4,
20001,,4,
20002,"Les chouchous de notre maîtresse, pouvant nous métamorphoser à volonté, Six Force !",0,
20003,Des Ploy de haut niveau capables de se<ra>transformer en mammifères ou en oiseaux !,0,alignement saynète
20004,,0,
20006,On est dans le noir complet !<ra>On ne va pas pouvoir jouer !,,alignement saynète
20007,Ayaaaーーー!!,,
20008,"Sans observateur, la face du dé restera un mystère !",,
20009,Le jeu ne sera pas fini que le jaune d'œuf aura déjà tourné !,,
20010,,4,
20011,,4,
20014,,4,
20015,,4,
20016,,4,
20017,,4,
20018,selon le chiffre obtenu en lançant les dés.,4,
20019,"La société humaine a une influence néfaste sur eux,",2,
20020,ce qui les rend vulnérables à la Magie normale.,2,alignement saynète
20021,,4,
20024,"Ce n'est pas impossible, vous êtes juste trop",,
20030,Le Banquet de la nuit est arrivé.,4,alignement saynète
20031,,0,alignement saynète
20032,"Moi aussi, je connais sa comptine.",0,alignement saynète
20033,Ça montre à quel point elle est célèbre.,0,alignement saynète
20034,,7,alignement saynète
20035,,8,alignement saynète
20036,,8,alignement saynète
20038,,6,alignement saynète
20039,C'est une comptine typique de Mother Goose.,,
20040,"Les paroles parlent d'un chat jouant du violon à minuit,",,alignement saynète
20041,"d'une vache qui saute par-dessus la lune, d'un chien qui rit,",,
20042,et des personnifications d'un plat et d'une cuillère qui s'enfuient.,,
20043,"Selon une théorie, elle s'inspire d'une légende grecque ou égyptienne.",0,alignement saynète
20044,"Si ça fait référence aux constellations, ",0,alignement saynète
20045,alors la vache doit être une parodie du taureau.,0,牛は牡牛座のもじりでしょう。
20046,,4,
20047,,4,
20048,"Mam'zelle Alice, vous le fabriquez à la chaîne ?",4,アリスさん、そのたびに作ってるッスか？
20049,,4,
20050,Diddle Diddle est à la base de ma Magie.,4,
20051,,4,
20052,"Une fois la nuit intensifiée, ma Magie,",4,
20053,"les sorts de contes de fées, prend un sens tangible.",4,
20058,,4,
20059,,4,
20060,,4,
20061,,4,
20062,,4,
20063,,4,
20064,,6,
20065,,4,
20066,,4,
20067,pour attirer les passants en son sein.,4,
20068,,4,
20069,,4,
20070,,4,
20071,"doté d'un monde parallèle, mais il est resté<ra>endommagé pendant un certain temps.",4,alignement saynète
20072,,4,
20073,pour le réparer.,4,
20076,Une règle stipule qu'une sorcière doit créer<ra>un Ploy suprême de son vivant.,,魔女はその生で一つ、至高のプロイを遺さないとい^けない決まりがあるから。
20077,,4,alignement saynète
20078,,4,alignement saynète
20079,,4,alignement saynète
20080,Tu vois ? En affichant la carte de Misaki sur le Miroir de la sieste et en,0,
20081,"posant le pion dessus, l'endroit correspondant devient la Forêt sans nom.",0,alignement saynète
20082,,4,
20083,,4,
20084,,4,
20085,"Ça n'a pas d'effet sur les durs de la<ra>comprenette, si je saisis bien.",2,alignement saynète
20086,...... Exactement.,4,
20087,"Ce n'était pas ma faute, mais j'ai manqué de vigilance.",4,
20088,,4,
20089,Reprenons. Le Ploy suivant―――,0,alignement saynète
20090,,2,alignement saynète
20091,Un œuf que j'peux avaler tout rond !,2,alignement saynète
20095,"Et en plus, j'entends une sorte de tic tac",,
20096,qui retentit à l'intérieur de mon ventre.,,
20105,,16,alignement saynète
20107,,4,
20108,,4,
20109,,4,
20110,"“Humpty Dumpty, assis sur un mur mal assuré,",,
20111,préféra ignorer le roi lui disant d'en descendre.,,
20112,"Ce dernier irrité ordonna à ses soldats de le déloger,",1,
20113,mais ils ne purent atteindre l'œuf haut perché.,1,alignement saynète
20116,pour se briser atrocement en mille morceaux.,,
20120,La morale veut que certaines choses<ra>soient irréparables.,,
20121,Je trouve ça particulièrement frustrant.,,
20122,,4,
20123,,4,
20124,,4,
20125,,4,
20126,,4,
20129,Les stocks sont épuisés pour ce soir.,0,alignement saynète
20130,"Chef, l'addition s'il vous plaît.",0,
20131,,4,
20132,tous les ōtoros seront pour moi.,4,
20133,,2,alignement saynète
20134,,2,alignement saynète
20135,,2,alignement saynète
20136,,4,
20137,"Tu fais les courses la journée ?<ra>Je t'envie, Robin.",4,alignement saynète
20141,,4,
20142,,4,
20143,,4,
20144,"Non, pas du tout.",4,
20145,"Ah. J'ai capté ! Mam'zelle Alice,",4,
20146,"vous vouliez travailler avec l'idiot, que c'est mi...",4,
20148,,6,
20149,,6,
20150,,6,
20154,,4,alignement saynète
20155,"C'est quoi,<ra>cette espèce de boîte à bijoux ?",4,alignement saynète
20156,,4,
20157,,4,
20158,,4,
20159,"Il a peut-être l'air faible,<ra>mais c'est un Ploy extrêmement utile.",,
20161,,2,alignement saynète
20162,,2,alignement saynète
20166,,3,
20170,les oiseaux sans raison. Qu'est-ce qu'ils avaient,,
20171,"contre les oiseaux, ces nordiques ?",,
20172,,6,
20173,,6,
20174,,6,
20175,"Après le deuxième couplet, le poème prend",4,
20176,la forme d'une satire de la politique de l'époque.,4,alignement saynète
20177,,0,alignement saynète
20178,,0,alignement saynète
20179,"celle qui dépense en s'cret, c'pas la reine mais Mam'z...",0,alignement saynète
20181,,8,alignement saynète
20185,,4,alignement saynète
20186,,4,alignement saynète
20188,,2,alignement saynète
20189,,2,alignement saynète
20190,,2,alignement saynète
20192,,16,alignement saynète
20193,,4,
20194,,4,
20195,,4,
20200,Tu apparais bien assez comme ça<ra>dans l'histoire principale.,,
20201,Il se base sur un chant funèbre. L'histoire,,
20202,tourne autour du meurtre d'un rouge-gorge.,,alignement saynète
20203,"À la question 「Qui l'a tué ?」,",,
20204,l'ensemble du cortège funèbre répond 「Moi」.,,
20206,"Suite à l'immense succès de cette comptine de Mother Goose,",4,
20207,la préquelle “L'heureuse cour de Cock Robin et Jenny Wren”,4,
20208,fut publiée et devint elle aussi un best-seller.,4,
20209,"Elle fut suivie de ""Le procès et l'exécution du moineau pour avoir tué",,
20210,"Cock Robin"" qui conte les évènements après la mort du rouge-gorge.",,
20212,Les piafs ont pourtant jamais eu un yen.,0,alignement saynète
20216,"En d'autres termes―――le personnage<ra>principal de Mahoyo, c'est mo...",4,alignement saynète
20217,Kya !,0,alignement saynète
20218,,4,alignement saynète
20219,Ça pourra pas être pire que maintenant.,0,alignement saynète
20220,,4,
20221,,4,
20225,,8,alignement saynète
20226,,8,
20227,,6,
20228,,6,
20231,,2,alignement saynète
20232,,2,alignement saynète
20235,Comme les mots-valises inventés par Lewis Carroll.,,alignement saynète
20238,Humpty lui répondit :「“Slictueux”,,
20239,"signifie “souple, actif, onctueux”.」",,alignement saynète
20240,,2,
20241,,2,
20242,,2,
20243,"Humpty n'a pas servi à proprement parler<ra>de modèle pour lui,",4,
20244,,4,
20245,,4,
20246,,4,
20247,,4,
20248,"Eh bien, en combinant les deux, les bonus",0,
20249,collector de l'édition limitée resteraient,0,
20250,constamment disponibles à la vente.,0,
20251,,4,alignement saynète
20252,,4,
20255,,4,
20256,,4,
20257,,4,
20260,,4,
20261,...... Ce n'est qu'un produit raté.,4,alignement saynète
20262,C'est mon premier Ploy. Il n'a aucune utilité.,,
20263,Je m'en sers de décoration par sentimentalisme.,,
20264,"Comme tu le vois, il ne sert à rien au combat. Et puis, il est plutôt",0,
20265,"laid, alors je n'aime pas trop le montrer... mais ça reste un souvenir.",0,alignement saynète
20266,C'est un ouvrage en sucre en forme de broche.,4,
20267,"Ouah, sucré...!",4,
20268,,4,
20274,"J'suis à l'endroit indiqué, mais Mam'zelle Alice n'est",,
20275,"pas là. L'heure et le lieu devraient être justes,",,
20276,"pourtant... J'vais recrier l'titre, on sait jamais.",,
20279,,2,
20280,,2,
20281,,2,
20285,Ne sais-tu donc pas qu'un important pourcentage<ra>d'oiseaux migrateurs décèdent en tentant de la franchir ?,,
20286,Un moment d'inattention et c'est la mort assurée.,2,
20287,Tu peux mourir n'importe quand. Fais preuve de,2,
20288,respect envers les sommets où vivent les dieux.,2,
20289,,4,
20290,"Je reformule. Ne nous sous-estime pas,",,
20291,"la montagne et moi. Aujourd'hui,",,
20292,je suis deux fois plus motivée que d'ordinaire.,,
20293,,2,
20294,,2,
20295,"Bien, c'est l'heure de Tout sur les Ploy, Robin.",4,
20296,"Aujourd'hui, je me sens en pleine forme,",4,
20297,alors abordons un sujet spécial.,4,
20298,,2,
20299,,2,
20303,Ce sont les Trois Grands Ploy. Les trois artéfacts,0,
20304,fabuleux qu'auraient été créés par la première sorcière.,0,
20305,,6,
20306,,6,
20307,,6,
20310,Il tire son origine de la chanson issue de “le Pont de Londres”.,1,
20311,,0,
20312,,1,
20313,Elle a été traduite en japonais<ra>et est même enseignée à l'école.,2,
20314,Elle est donc très connue.,2,
20317,"...... C'était un adversaire redoutable. Et puis,",2,
20318,lui et moi ne sommes pas vraiment compatibles.,2,
20319,Je ne peux donc pas utiliser correctement Thames.,2,
20320,Je ne peux l'invoquer que jusqu'au deuxième couplet.,0,
20321,,0,
20322,,0,
20323,Dans la chanson du Pont de Londres.,0,
20324,『～Les arbres et la terre s'envolent.,1,
20325,～Les briques et le mortier s'effritent.』,2,
20328,,4,
20329,,4,
20330,"Dans la version actuelle de Mother Goose, il a quatre formes.",4,
20331,Donc il y a autre chose après le bois et la pierre.,2,
20332,Mais ça vous dérange pas ?,2,
20333,,2,
20336,,2,
20337,,2,
20338,,2,
20339,,2,
20340,Parce que la société humaine ne m'intéresse pas.,4,
20341,Le pont présent dans mon univers ne va que du bois à la roche.,4,
20342,"Comment ! Moi qui vous croyais invulnérable,",,
20343,vous cachez donc des points faibles......,,
20344,"Ah, non, en y repensant,",4,
20345,vous n'êtes pas si invulnérable que ça ! Vous perdez souvent !,4,無敵じゃなかったッスね！　アリスさん、負け星のが多いッス、
20346,"Comme moi, quoi !",4,ジブンとおそろッスー！
20347,"Mais au fait, si j'comprends bien les rumeurs,",4,
20348,Thames Troll serait le meilleur golem au monde.,4,
20349,,4,
20352,"il deviendrait un pont absolument infranchissable,",,
20353,même pour Aoko et ses meilleures techniques.,,
20354,,4,
20355,"Il se manifesterait en tant que géant de la ville,<ra>allant jusqu'à sublimer son propre surnom.",4,
20358,"Vous vous la racontez, pas vrai ?",,
20363,aide-moi séance tenante,,
20365,Reparlons de ce “je me la raconte”.,2,
20366,"À toi de jouer, Thames.",2,
20367,Montre-nous toute ta puissance.,2,
20371,,2,
20372,,2,
20373,J'pensais pas que c'était dans c'sens-là !,0,
20374,,0,
20375,"Pourtant, j'ai dit des tas de choses.",0,
20376,,6,
20377,"Mais comme tu étais trop bruyant, j'ai ordonné",6,
20378,au réalisateur de couper spécifiquement tes répliques.,6,
20379,"Great. De cette façon, toute l'attention<ra>peut se concentrer sur vous, hein ?",,
20382,"Le deuxième, oui. À titre d'information,",,
20383,je précise que le corps de Snark est liquide.,,
20384,,2,
20385,,2,
20386,Quelqu'un que tu connais très bien.,2,
20387,"Avant de devenir amie avec elle,",2,
20388,mes Ploy n'avaient pas de nom.,2,
20389,Je les appelais selon leur ordre de force ou,,
20390,"de mon attachement envers eux, 1er, 2e, etc.",,
20391,,4,
20392,Vous n'donniez pas de nom par paresse...,4,
20393,"par simplicité plutôt, mais pourquoi les nommer par ordre ?",4,
20394,"Eh bien, si je leur avais attribué des numéros fixes<ra>arbitrairement, cela aurait pu être mal interprété, non ?",0,
20395,Alors que mon affection ou leurs forces changeaient constamment.,0,どれが強いか、どれが好きかなんて、日によって変わるのだし。
20399,,4,
20400,,4,
20401,,4,
20403,"Prête-moi le sixième Ploy, s'il te plaît.",,
20405,"Conformément à sa demande, je lui ai prêté",4,
20406,le Ploy que j'avais nommé “sixième” ce jour-là.,4,
20407,,4,
20408,"J'imagine la suite, mais j'demande quand même.",4,
20409,C'était quel Ploy ?,4,
20410,Le parfum qu'elle nommerait après ça le Goblin Fron.,4,
20411,"Quand quelqu'un s'en met, il ne peut que dire des injures<ra>et parler en argot pendant toute une journée.",4,
20412,,12,
20413,"Après ça, elle m'a proposé de donner des noms aux Ploy.",,
20414,Avec les yeux boursouflés pour une raison qui m'échappe.,,
20415,『Celui-ci est Sweets Hearts. Lui Scripps Humpty.<ra> Celui-là Diddle Diddle. Et lui Flat Snark.<ra> Compris ? Appelle-les comme ça dorénavant.』,,『これはスイーツハーツ。これはスクリプス・ハンプティ。これはディドルディドル。これはフラットスナーク。いい。これからはこの名前で統一するのよ』
20416,"...... On dit que le nom est le reflet de l'âme, vois-tu ?",,
20417,"Je pensais que les classer selon mon humeur était plus simple<ra>que d'employer des noms extravagants, mais...",,
20418,『On ne peut pas deviner ton état d'esprit. Dis-toi que<ra> mon destin peut dépendre de tes mystérieuses humeurs.』,4,
20419,"『Et puis, ce genre de noms sera bientôt à la mode. C'est certain.<ra> Même si on en aura sûrement rapidement assez.』",0,『それに近い将来、こういう名前がトレンドになる時代がくるから。絶対。すぐに飽きられるだろうけど』
20420,"『Quitte à leur donner des noms, autant que ça en jette. Ce sont<ra> nos créations originales, ne pas suivre la mode serait du gâchis.』",0,『なんで、どうせつけるならイカした方がグッドでバッド。せっかくアタシたちだけのオリジナリティなのよ、ポップに流行らせなくちゃ大損だわ！』
20421,"Depuis, j'appelle les Ploy par des noms. Ça a été dur de tous<ra>les retenir, mais je ne me suis plus jamais trompée après ça.",,それ以来、わたしはプロイを名前で呼ぶようになった。いちいち名前を覚える手間はあったけれど、プロイを間違えるコトはなくなったわ。
20422,C'est un peu comme l'œuf de Colomb.,,
20424,"Parfois, je me dis que cette fille est un génie.",,
20425,,4,
20426,,4,
20427,,8,
20428,,4,
20429,,4,
20432,,0,
20433,"Et cette huile précieuse, Mam'zelle Aoko l'a brûlée.",0,
20434,On n'peut pas le restaurer ?,0,
20435,,6,
20436,Rien ne peut raffiner Snark à notre époque.,6,
20437,Et c'est ainsi qu'cet héritage culturel fut anéanti par une sauvage,0,
20438,"ne vivant qu'à l'instinct. Ha ha, c'est si drôle d'écraser la culture !",0,
20439,"Mais quand même, après le Négligent, c'est Snark qui y passe !",4,
20440,"Ha ha, les Great Three ?",4,
20441,,4,
20444,Je vais peut-être commander un poulet rôti.,,それじゃあ、わたしはフライドチキンにしてもらお^うかしら。
20446,"Le menu ne comporte qu'des hot-dogs,<ra>du pop-corn et des frites.",,外のメニュー、ホットドッグとポップコーンとポテ^トしかなかったッスよ。
20447,"J'ai pour habitude d'vérifier le menu au cinéma. Et puis, le poulet rôti a une odeur trop forte pour le cinéma. Ça gêne les autres clients.",,
20451,Ha ha. C'est donc pas pour le manger.,0,ハハハ。食事として、頼むワケでは、ないと。
20452,Ne serait-ce pas la première fois que tu bous entièrement<ra>des plumes à la peau ?,4,
20453,,4,
20454,"Justement la collection que je voulais<ra>le moins étoffer, quel pied !",,
20455,Et il en reste encore tellement !,,
20456,,4,
20457,Les cinémas ne font plus de projections<ra>doubles depuis quelque temps.,4,
20460,À vous tous qui avez pris plaisir à suivre,,
20466,"―――En conclusion,",,
20488,,0,
20978,,0,
21344,,1,
21345,"Hōsuke, et également,",1,芳助と、
21346,,1," Espace obligatoire, en jeu cette phrase est directement collée à la précédente"
21647,,2,
21731,,0,
21759,「Spur !,,「スキー跡！
21760,"Le nom de cette pension, ça serait pas Spur, Alice ?!」",1,そのペンションの名前、スキー跡とか言わない有珠！？」
21906,,0,
22015,,0,
22027,,1,
22128,,0,
22132,,0,
22135,,0,
22213,,0,
22248,,0,
22267,「,,「
22268,Qu...,,だ、
22269,Qui,1,誰がっ、
22270,traites-tu de,0,三下、
22271,menu fretiiin !」,0,だっつーのっっっっ！」
22273,「,,「
22274,Ne me sous-estimez...,,舐めんじゃ、
22275,pas !,1,ないわよ！
22276,Ggh...,1,ぐっ、
22277,"Ce n'est pas un petit arrêt cardiaque,",,心臓止まったぐらいで、
22278,"gh,",,うぐぅ、
22279,"uuh,",,死んで、
22280,qui...,1,死んで
22281,qui va,,たまるもん、
22282,me tuer !」,1,かっ！」
22284,,0,
22297,,0,
22382,,0,
22387,"「Hum. J'étais dans le manoir la majeure partie du temps, mais comme j'étais occupé avec les préparatifs, je n'ai pas vraiment eu le temps de parler avec tout le monde.",,「うーん。ほとんど屋敷にいたんだけど、パーティーの準備が忙しくてあまりみんなと話していないな。
22388,Parce que deux personnes dont je tairai le nom ne m'ont pas aidé.,0,誰かさんと誰かさんが手伝ってくれないから。
22414,「..................」,,「………………」
22543,"Bref, tu as toujours les coordonnées ? Magne-toi de le faire<r>décoller ! Je le veux ici dans dix minutes, capiche ?』",0,
22839,,1,
22840,,1,
22841,,1,
22842,,1,
22844,,1,
22845,,1,
22846,,1,
22847,,1,
22848,,1,
23182,,0,
23200,,0,
23233,,0,
23278,,0,
23327,C'est parce que j'éprouve du respect pour quelqu'un comme toi qui as dû te battre tout seul pendant six ans sans jamais compter sur ses parents ou sur les profs.」,0,
23490,,0,
23498,,0,
23509,,2,
23555,,1,
23556,,1,
23557,,1,
23561,,1,
23563,t,,
23564,er,,
23565,ne,,
23566,l.,,
23569,,0,
23593,"「Monsieur Yamashiro, vous avez passé une nuit blanche ou quoi ?」",,「山城先生、徹夜明けですか？」
23598,,0,
23640,,1,
23641,,1,
23642,,0,
23644,,1,
23646,,1,
23657,,2,
23710,"「C'est toi le coupable,",,「アンタが
23711,Shizukiーーーー!」,,犯人ね静希ーーーー！」
23769,,0,
23772,,0,
23773,,0,
23774,,0,
23775,,0,
23788,,0,
23895,,0,
23935,,1,
23936,,1,
23937,,0,
23939,,1,
23941,,1,
24016,Je songeai à une sorte de mauvais présage.,,それは何か、不吉な兆しなのでは、と思った。
24017,Je songeai que laisser ouvert n'était pas très prudent.,,鍵はいつも開けっ放しなのか、と思った。
24018,Je songeai que j'aurais pu aisément venir seule.,,これならひとりでも入れるな、と思った。
24019,Je songeai qu'il valait mieux aller dans le salon.,,このまま居間に移動した方がいいと思った。
24020,Je songeai que je devrais d'abord voir ma chambre.,,その前に客室の様子を見た方がいいと思った。
24021,Je songeai que je pourrais me promener sans but particulier.,,意味のない行動をしてみるのもいいと思った。
24022,C'était sinistre. Je songeai qu'il valait mieux rentrer.,,何か不穏。洋館に戻るべきだと思った。
24023,Ça m'intriguait. Je songeai qu'il valait mieux vérifier.,,気になる。確かめてみるべきだと思った。
24024,Je songeai que l'averse risquait d'empirer.,,このまま雨脚は強くなるな、と思った。
24025,Je songeai qu'il risquait de grêler.,,このまま雨は雹になるな、と思った。
24026,Je songeai qu'il vaudrait mieux rentrer chez moi.,,このまま帰ってしまおうか、と思った。
24027,Je songeai que le compte était bon.,,数はあっているな、と思った。
24028,Je songeai que le compte n'était pas bon.,,数を間違えているな、と思った。
24029,Je songeai que je n'avais pas encore vu Shizuki.,,……そういえば、まだ静希を見ていないな、と思った。
24030,Je songeai qu'une affaire lugubre venait de commencer.,,これから陰惨な事件が始まるのだ、と思った。
24031,Je songeai qu'une affaire insensée venait de débuter.,,これからトンデモな事件が始まるのだ、と思った。
24032,Je songeai avoir de la chance de faire équipe avec Tsukiji.,,槻司と組めて良かった、と思った。
24033,"Je songeai qu'en gros, c'était du pain.",,大雑把に言うとパンだ、と思った。
24034,"Réaliste, je songeai qu'il s'agissait d'une minibombe.",,現実的に小型爆薬だ、と思った。
24035,Je songeai qu'il avait dû être dévoré par une sorte de chien.,,犬か何かに食いちぎられたのでは、と思った。
24036,Je songeai qu'expliquer la mort de M. Tokitsu Yorihiko serait ardu.,,土桔由里彦氏の死がネックだ、と思った。
24037,Je songeai que s'abstenir de rire une nuit serait aisé.,,たしかに一晩笑わないのなんて簡単、と思った。
24038,Je songeai à faire remarquer qu'une personne manquait à l'appel.,,……そろそろひとり足りない事を指摘すべきだろうか、と思った。
24039,Je songeai que le témoignage de Tsukiji était étrange.,,槻司の話はおかしい、と思った。
24040,Je songeai que le témoignage d'Aozaki était étrange.,,蒼崎の話はおかしい、と思った。
24041,Je songeai que le témoignage de Beo était irritant.,,ベオの話はむかつく、と思った。
24042,Je songeai que les témoignages de Tsukiji et Aozaki étaient étranges.,,槻司と蒼崎の話はおかしい、と思った。
24043,Je songeai que les témoignages de Tsukiji et Beo étaient étranges.,,槻司とベオの話はおかしい、と思った。
24044,Je songeai que les témoignages d'Aozaki et Beo étaient étranges.,,蒼崎とベオの話はおかしい、と思った。
24045,Je songeai que le témoignage de Shizuki était étrange.,,静希の話はおかしい、と思った。
24046,Je songeai que le témoignage de Kuonji était étrange.,,久遠寺さんの話はおかしい、と思った。
24047,Je me demandai avec inquiétude si mon histoire concordait.,,わたしの話は合っているだろうか、と不安に思った。
24048,Je songeai que les témoignages de Shizuki et Kuonji étaient étranges.,,静希と久遠寺さんの話はおかしい、と思った。
24049,Je songeai que le témoignage de Shizuki et le mien étaient étranges.,,静希とわたしの話はおかしい、と思った。
24050,Je songeai que le témoignage de Kuonji et le mien étaient étranges.,,久遠寺さんとわたしの話はおかしい、と思った。
24051,Je songeai que le témoignage de père Eiri était étrange.,,詠梨神父の話はおかしい、と思った。
24052,Je songeai que le témoignage de la sœur était étrange.,,シスターの話はおかしい、と思った。
24053,Je songeai que le témoignage de Ritsuka était étrange.,,律架さんの話はおかしい、と思った。
24054,Je songeai que nous devrions attendre jusqu'au matin dans nos chambres.,,それぞれ客室で朝まで過ごすべきでは、と思った。
24055,Je songeai que nous devrions écouter le témoignage de Riddell.,,その前に、リデルのアリバイ検証もするべきだ、と思った。
24056,Je décidai de jeter un petit coup d'œil dans le couloir.,,ちらっと廊下を盗み見たい、と思った。
24057,Je décidai de la laisser tranquille.,,そっとしておこう、と思った。
24058,Je songeai qu'il fallait se ranger à cet avis.,,その意見に賛成するべきだ、と思った。
24059,Je songeai que cette idée était dangereuse.,,それは危険だ、と思った。
24060,Je songeai qu'il y avait une treizième personne.,,十三人目の存在がいるからだ、と思った。
24061,Je songeai qu'il fallait parler de cet étrange sentiment ressenti en découvrant que le fil du téléphone avait disparu.,,電話線がなくなっていた時の、あの違和感について追求するべきだからだ、と思った。
24062,Je songeai qu'il était dangereux de laisser Aoko seule.,,……蒼崎をひとりにするのは危険だ、と思った。
24063,Je songeai qu'il était préférable d'attendre le retour du trio ici.,,……ここで三人の帰りを待つべきだ、と思った。
24064,Je songeai que c'était un signe de sa mort imminente.,,すごい死亡フラグだ、と思った。
24065,Je songeai que cette personne aussi avait...,,そういえばあの人も……、と思った。
24066,Je pensais enfin pouvoir dormir sur mes deux oreilles.,,あとは安心して眠れる、と思った。
24067,Je pensais que ce ne serait peut-être pas le cas.,,……本当にそうだろうか？　と思った。
24068,Je me dis que ça devait être entre 14 et 16 heures.,,１４時～１６時の間？　と思った。
24069,Je me dis que ça devait être entre 16 et 18 heures.,,１６時～１８時の間？　と思った。
24070,Je me dis que ça devait être entre 18 et 20 heures.,,１８時～２０時の間？　と思った。
24071,Je me dis que ça devait être entre 20 et 22 heures.,,２０時～２２時の間？　と思った。
24072,Je me dis que ça devait être entre 22 heures et minuit.,,２２時～０時の間？　と思った。
24073,"Je... Je songeai qu'il suffirait de fermer à clef, et que de toute façon, j'aurais du mal à dormir si j'acceptais.",,か、鍵をかければ安全だし、そんなことされたら逆に眠れない！　と思った。
24074,"Je... Je songeai qu'au regard de la situation, c'était inévitable.",,そ、そういうコトなら、仕方がない、と思った。
24075,Je songeai qu'il valait mieux fuir jusqu'au matin.,,朝まで逃げるべきだ、と思った。
24076,Je songeai qu'il fallait identifier le coupable.,,犯人を推理すべきだ、と思った。
24077,Aoko Aozaki,,蒼崎 青子
24078,Alice Kuonji,,久遠寺 有珠
24079,Sōjūrō Shizuki,,静希 草十郎
24080,Tōko Aozaki,,蒼崎 橙子
24081,Tobimaru Tsukiji,,槻司 鳶丸
24082,Suivant,,次へ
24083,Hōsuke Kinomi,,木乃美 芳助
24084,Kojika Kumari,,久万梨 金鹿
24085,Lugh Beowulf,,ルゥ・ベオウルフ
24086,Eiri Fumizuka,,文柄 詠梨
24087,Ritsuka Suse,,周瀬 律架
24088,Suivant,,次へ
24089,Yuika Suse,,周瀬 唯架
24090,Kazuki Yamashiro,,山城 和樹
24091,Yurihiko Tokitsu,,土桔 由里彦
24092,May Riddell Archelot,,メイ・リデル・アーシェロット
24093,Retour,,戻る
24094,Je me demandai si Kuonji était vraiment innocente.,,久遠寺さんは本当に潔癖か？と思った。
24095,Je me demandai pourquoi M. Tokitsu avait organisé une fête d'anniversaire.,,土桔氏はどうして誕生会を？と思った。
24096,Je me dis qu'il y avait deux sortes de coupables.,,殺人は二種類に分けられる？と思った。
24097,Je songeai au crochetage de Ritsuka.,,律架さんのピッキング……！と思った。
24098,Je me dis que son nom trahissait sa véritable nature.,,名は体を表す、と思った。
24099,Qui possédait ce fameux “prana” ?,,魔力とやらを持っているのは誰だ、と思った。
24100,Qui avait pu activer le Ploy ?,,プロイとやらを起動できたのは誰だ、と思った。
24101,Qui était resté à la vue de tout le monde en permanence ?,,常にみんなに見られていたのは誰だ、と思った。
24102,Aoko Aozaki,,蒼崎 青子
24103,Alice Kuonji,,久遠寺 有珠
24104,Sōjūrō Shizuki,,静希 草十郎
24105,Tōko Aozaki,,蒼崎 橙子
24106,Tobimaru Tsukiji,,槻司 鳶丸
24107,Suivant,,次へ
24108,Hōsuke Kinomi,,木乃美 芳助
24109,Kojika Kumari,,久万梨 金鹿
24110,Lugh Beowulf,,ルゥ・ベオウルフ
24111,Eiri Fumizuka,,文柄 詠梨
24112,Ritsuka Suse,,周瀬 律架
24113,Suivant,,次へ
24114,Yuika Suse,,周瀬 唯架
24115,Kazuki Yamashiro,,山城 和樹
24116,Yurihiko Tokitsu,,土桔 由里彦
24117,May Riddell Archelot,,メイ・リデル・アーシェロット
24118,Retour,,戻る
24119,Le fait que je faisais erreur depuis le début.,,はじめから間違えていたからだ、と思った。
24120,Le fait que j'ai survécu jusqu'à la fin.,,最後まで生き残ったからだ、と思った。
24121,J'avais enfin acquis la certitude que ces choix qui devenaient réalité étaient une preuve irréfutable.,,そもそもこの、思った通りになる選択肢こそが証拠だと、わたしはようやく確信した。